epochs,steps_0,steps_1,steps_2,steps_3,diff_0,diff_1,diff_2,diff_3,qmean_0,qmean_1,qmean_2,qmean_3
1,,,,,0.0196616533311587,0.0196616533311587,0.006904172872569,0.0163337527256451,0.481869346715443,0.481869346715443,0.4737017397051835,0.4788844097403977
2,,,,,0.0104841035778585,0.0073295858877922,0.0064240757354844,0.0150920656617811,0.4867093701915794,0.4849135547901633,0.4736594297604169,0.4824973164822693
3,,,,,0.0070659175356266,0.0041531098633683,0.0036495650697146,0.0061397259892505,0.4882228091916776,0.4832549976048031,0.4737527859119244,0.4798471995827781
4,,,,,0.1088406689181358,0.0078907484086153,0.0039394255401235,0.0078925137207102,0.5900506432050038,0.481782149529068,0.4743650997173458,0.4817077083469591
5,,,,,0.0040739332131507,0.0067895129364482,0.0038401101736793,0.0056860842682027,0.5882448504599697,0.4798830571289459,0.4749746572641095,0.4795652225462188
6,,,,,0.0531147019438724,0.0053616250644882,0.0028739700572734,0.0048506255827519,0.6337713066449943,0.4769540138487484,0.4755027527122163,0.4763930203598435
7,,,,,0.0037303112502609,0.1057981985662217,0.0019039271397423,0.0018701604286052,0.6333879569253262,0.5795433138923833,0.4750875333545518,0.4746622404201099
8,,,,,0.0031279139373774,0.0047658718527092,0.0021313378496031,0.0037744553864016,0.6308706351460807,0.5768672906817226,0.4750561727975522,0.4733074364433502
9,,,,,0.0033216773690772,0.0055001181761644,0.0010256827872902,0.0029740086008883,0.6302342536735785,0.5754671334001047,0.474416141396394,0.471933300708691
10,,,,,0.0026175485282628,0.0046328899862711,0.0028983141419258,0.0009022937091582,0.628916034872492,0.5721780951732456,0.4746273484429761,0.4711558104709895
11,,,,,0.0039288591372969,0.0040048773530979,0.0013132315276153,0.0013215175796807,0.6290235739225252,0.5682844441360034,0.4739035204515879,0.4698361190185139
12,,,,,0.002519400386136,0.0037798311554435,0.001328519113339,0.0031056451846764,0.6269378429535754,0.5648061688688372,0.4731678707552694,0.4692538819916611
13,,,,,0.0027174073800097,0.003110030170382,0.0020227260763141,0.0013383206281332,0.6243740815880948,0.561696138698455,0.4729366152361972,0.4697782238396353
14,,,,,0.0030401133201389,0.0036492781105489,0.0013692751195423,0.0044849388442958,0.622128492319049,0.5586325564199529,0.4724096342147467,0.4678355828333502
15,,,,,0.002433591624959,0.0035368480067428,0.0013966458127224,0.1884139094294194,0.61969490069409,0.5550957084132101,0.4716940683871637,0.6544226030622763
16,,,,,0.0469520233827277,0.1428645683852142,0.0011856673853887,0.0035815892752523,0.661815539652223,0.6961235655583499,0.471006288411873,0.6528302844438427
17,,,,,0.0019226753872142,0.092993962649447,0.0009312843484937,0.003072994306751,0.6599055563700063,0.7869861115532286,0.4701521847812144,0.6499630599395779
18,,,,,0.0026779576207734,0.0877739820479576,0.0017144637692747,0.0024010499119972,0.6581043559112932,0.8735916999857624,0.4693188232794871,0.6476116420948715
19,,,,,0.0015561895159938,0.0845705207338621,0.0007660270165945,0.0033036464974745,0.65672065331768,0.956886056955223,0.4688779766045647,0.6456148870320408
20,,,,,0.0020395819715754,0.0800327751138572,0.0006931055395859,0.0009624546669978,0.6555991730199636,1.0357483246090209,0.4683441766509356,0.6446524323650429
21,,,,,0.0010436904183724,0.0827225556486711,0.0006370566306818,0.0032690309468054,0.6545663758282512,1.1165760356009526,0.4677788684670635,0.6443406762214574
22,,,,,0.0019088715295723,0.0737762497121087,0.0010314761049194,0.0022821418734195,0.653138468180151,1.187799965996697,0.4676188485706175,0.6422296926599911
23,21.0,,,,0.002073812861343,0.0691210761378855,0.000445382839645,0.001246851364551,0.6514889028260452,1.2564259936934277,0.4672067200430157,0.64098284129544
24,,,,,0.0010298727329213,0.0931726767362921,0.0004482014600219,0.0011533559927424,0.6505813447547534,1.347546213573794,0.4667857357861383,0.6403092788575351
25,19.0,,,,0.0018120374810058,0.0612966898330282,0.0002625233375716,0.0009240100134361,0.6487693072737475,1.4078585415991098,0.4665414338127958,0.6393852688440991
26,17.0,18.0,,,0.0608001509487322,0.0580823196850807,6.738078997649479e-05,0.000451292742663,0.7060430848459215,1.4653555817368065,0.4664850387099646,0.6389892501154218
27,,,,,0.1899539259700816,0.0778215394420678,0.0002305933646652,8.038224535819432e-06,0.8952193258134103,1.5430168028296585,0.4662618924340922,0.6389812118908861
28,,18.0,,,0.000927165875481,0.0530039917494352,0.0005472262825113,0.000630029159617,0.8944501341463716,1.5954386241479688,0.4659732116318354,0.6384050879283161
29,16.0,19.0,,,0.0013415122330928,0.059169930628439,5.4066945161429096e-05,0.0025769743182456,0.893130225791666,1.6544479799835834,0.465919450275002,0.6379720671418211
30,16.0,17.0,,,0.0167231591093356,0.047491745280077,0.0006737448359706,9.749249525592789e-08,0.9075783157313764,1.7018200829219905,0.4656839087851596,0.6379719696493258
31,16.0,17.0,,,0.0337678859262326,0.0450911642808783,0.0008191315073752,0.000737968335568,0.9399256929699203,1.746876090194274,0.4654102115895195,0.6376860160591641
32,16.0,17.0,,,0.0918825996868035,0.042826080448439,0.000628436598554,0.0036618393615201,1.0315892705624323,1.7896819176949397,0.4651574909184855,0.6372190854518744
33,16.0,17.0,,,0.0100546616525549,0.0406772042851989,0.0003991074770629,0.1708520915525138,1.039351019415146,1.830349543729446,0.4648495273761445,0.8066457713537031
34,16.0,17.0,,,0.2249474031082584,0.0386363998391871,0.0003388824401122,0.0007159203869211,1.264282808511462,1.8689859435686336,0.4645106449360323,0.8059431847556012
35,16.0,17.0,,,0.0909993349103956,0.0366906412262498,0.0005248823868412,0.000796487577804,1.354944235918125,1.905676584794883,0.4640419365855697,0.8052602505206776
36,16.0,17.0,,,0.0820027226581963,0.0348066779024678,0.0006019047299716,0.167633898795941,1.43693889742032,1.9404832626973516,0.4638556159235236,0.9724538434445874
37,16.0,17.0,,,0.2299431713487875,0.0329544866796073,0.0006080628804983,0.0003979574755921,1.666848089540958,1.9734377493769584,0.4635115549935526,0.9720721609432792
38,17.0,17.0,,,0.0664331925957086,0.0729680112476912,9.277942111078832e-05,6.937616706115234e-05,1.7328349675824006,2.046341849519363,0.4634187755724419,0.972044493952854
39,17.0,17.0,,,0.286261853802125,0.0352974810990445,0.0008169478301173,0.000369202340836,2.0188298299261622,2.081639330618408,0.4633688941137299,0.9720137212552868
40,18.0,17.0,,,0.2441676184181716,0.0467819381616072,0.0006298497723315,0.1526767657694926,2.261323389877101,2.128421268780015,0.4629638399233809,1.123768492099792
41,16.0,17.0,,,0.2509547491442256,0.02480450122438,0.0017034742203486,0.0011413819166638,2.511668845072483,2.153225770004395,0.4629698433736576,1.1233473230437652
42,16.0,17.0,,16.0,0.3683825169496778,0.0228673167921154,0.0001362163668625,0.1386315352818383,2.880051362022161,2.1760930867965103,0.462833627006795,1.261254638503755
43,16.0,17.0,,16.0,0.156300028030283,0.0210490000529317,0.0006303687605521,0.0010101849450945,3.0363513900524435,2.1971420868494422,0.4624359043618911,1.2615793439099343
44,16.0,17.0,,16.0,0.1572984448356324,0.0191450098707423,0.0003997528679776,0.0005397292386522,3.193649834888076,2.2162870967201846,0.4622163028423796,1.2616334841302288
45,16.0,17.0,,16.0,0.2756295693047952,0.0170977293020458,0.0005143493741312,0.0010843295489572,3.469279404192872,2.2333848260222298,0.4620408888717225,1.261813828198017
46,16.0,17.0,,17.0,0.0679420656489649,0.0149716382398535,0.0007785957553574,0.1262971723789137,3.537221469841836,2.248356464262084,0.4617473946616147,1.387470199304635
47,16.0,17.0,,17.0,0.4234311556722965,0.0128682662790864,0.0006591880626103,0.000502250196836,3.960432497402916,2.26122473054117,0.4613060201263289,1.3876583259791715
48,16.0,17.0,,17.0,0.1790279334267213,0.0108764716326922,0.0005434339281865,0.1143413031196132,4.139460430829637,2.2721012021738622,0.4608336624443713,1.501999629098785
49,16.0,17.0,,17.0,0.0896088176244953,0.00905607876643,0.0007132535520105,0.1042498407248319,4.229069248454134,2.281157280940292,0.4603031637288746,1.6058161217110127
50,16.0,17.0,,18.0,0.1238934234512061,0.0074386449878506,0.0005764740995446,0.0946407956784486,4.352962671905339,2.2885959259281434,0.4598322844237303,1.7004569173894613
51,16.0,17.0,,18.0,0.2495199805761179,0.0060340309314952,0.0002231416720271,0.085926719199565,4.602482652481457,2.2946299568596387,0.459609142751703,1.7863836365890269
52,16.0,17.0,,18.0,0.2175573376629827,0.0048374022339305,0.0005812864099652,0.0781921349886153,4.820039990144441,2.299467359093569,0.4590311139422262,1.8645757715776416
53,16.0,17.0,,18.0,0.4150518479460058,0.0038348616583679,0.0009383906657532,0.0718330226000678,5.235091838090447,2.303302220751936,0.4585629502866337,1.9358323498550745
54,16.0,17.0,,18.0,0.4294331287505082,0.0030075025386988,0.0005109163092884,0.0647567865875762,5.664524966840954,2.306309723290635,0.458288570719118,2.0005891364426507
55,16.0,17.0,,18.0,0.1594073567044097,0.0023341854300563,0.0005470430001572,0.0589217387994957,5.823932323545363,2.308643908720692,0.4577955219537492,2.0595108752421463
56,16.0,17.0,,18.0,0.2754111768960827,0.0017933953890017,0.0004883079915074,0.0536206960939563,6.099343500441446,2.3104373041096937,0.4573072139622418,2.1131315713361025
57,16.0,17.0,,18.0,0.152133486328818,0.0013644564738373,0.0004106226463602,0.0487997645107796,6.251476986770265,2.3118017605835317,0.4568965913158814,2.1619313358468824
58,16.0,17.0,,18.0,0.0568582434138549,0.0010282908010504,0.0003200500567023,0.0444012158598347,6.308335230184119,2.3128300513845814,0.4565938567934994,2.206332551706717
59,16.0,17.0,,18.0,0.099271706152531,0.0007678467860646,0.0003338176847163,0.0434765647044866,6.40760693633665,2.313597898170646,0.4562600391087831,2.249809116411204
60,16.0,17.0,,18.0,0.2275074892384029,0.0005682842975474,0.0004200988760967,0.0395817872676661,6.635114425575053,2.314166182468193,0.4558399402326863,2.28939090367887
61,16.0,17.0,,18.0,0.0817626211961201,0.0004169838242682,0.0002273724429665,0.0392576347083867,6.716877046771173,2.3145831662924614,0.4556125677897198,2.3286485383872564
62,16.0,17.0,,18.0,0.0774623162845952,0.0003034340379676,0.0003258870579757,0.0357243447015229,6.794339363055769,2.3148866003304294,0.4554481877820131,2.36437288308878
63,16.0,17.0,,18.0,0.0234698622624237,0.0002190423951994,0.0004093764722197,0.0325091421200307,6.817809225318192,2.3151056427256287,0.4553183062550401,2.3968820252088103
64,16.0,17.0,,17.0,0.0342668386024046,0.000156904540652,0.000243170764356,0.149621700862304,6.852076063920597,2.3152625472662813,0.4551269252112643,2.5465037260711143
65,16.0,17.0,,17.0,0.007265805176001,0.0001115597924096,0.0001316869484304,0.0047070333076109,6.859341869096598,2.31537410705869,0.4549952382628339,2.551210759378726
66,16.0,17.0,,17.0,0.005448585518567,7.87521481481289e-05,0.0007106186636701,0.0013183467537804,6.864790454615165,2.315452859206839,0.4547083119515238,2.5525291061325053
67,16.0,17.0,,17.0,0.2362468012865348,5.5209428788671744e-05,0.0004164520901637,0.0640867174860018,7.1010372559017,2.3155080686356277,0.4544287158669722,2.6166158236185075
68,16.0,17.0,,17.0,0.0034394289556097,3.844762983898526e-05,0.0004156296823693,0.0007419281739849,7.10447668485731,2.3155465162654667,0.4540288449538397,2.6173577517924924
69,16.0,17.0,,17.0,0.0819462269819054,2.660335079776438e-05,0.0004097549628474,0.0702035802089852,7.186422911839215,2.315573119616264,0.4538470578791466,2.687561332001478
70,16.0,17.0,,17.0,0.0091270140060904,1.82942310928038e-05,0.0002647217182853,0.0136096725269151,7.195549925845306,2.315591413847357,0.45374852979586,2.701171004528393
71,16.0,17.0,,17.0,0.0117091677934947,1.2505449388955186e-05,0.0003996261257368,0.0123549633364157,7.207259093638801,2.315603919296746,0.4533489036701231,2.713525967864809
72,16.0,17.0,,17.0,0.0564003011958195,8.499312646979523e-06,0.0003899637744359,0.0112240292971904,7.26365939483462,2.315612418609393,0.4532086038323806,2.724749997162
73,16.0,17.0,,17.0,0.0700846539605108,5.744544466771818e-06,0.0002607932891559,0.0102137453914485,7.33374404879513,2.31561816315386,0.4530348037695114,2.734963742553448
74,16.0,17.0,,17.0,0.0144382384919314,3.861878795883575e-06,0.0002631940426355,0.0373809112647664,7.348182287287063,2.315622025032656,0.4527716097268759,2.7723446538182146
75,16.0,17.0,,17.0,0.0181231079764701,2.582813792099802e-06,0.0001851771947486,0.008459615508849,7.366305395263532,2.3156246078464475,0.4525864325321272,2.780804269327063
76,16.0,17.0,,17.0,0.0384808547344877,1.718760987579797e-06,0.000159753091301,0.0119405542984823,7.40478624999802,2.3156263266074357,0.4524266794408263,2.792744823625546
77,16.0,17.0,,17.0,0.0347835109133412,1.1382531402663536e-06,0.0003094950792945,0.0090464313417113,7.439569760911363,2.315627464860576,0.4521171843615318,2.801791254967257
78,16.0,17.0,,17.0,0.0022807869713673,7.502965380608497e-07,0.0003380793332279,0.0241164126381291,7.441850547882729,2.3156282151571137,0.4517791050283039,2.8259076676053856
79,16.0,17.0,,17.0,0.0946945474963253,4.923391062105397e-07,0.0001973281896054,0.0057359052194115,7.536545095379054,2.31562870749622,0.4515817768386984,2.831643572824797
80,16.0,17.0,,17.0,0.0534945166006811,3.2165968042369497e-07,7.519607779970813e-05,0.0495330567612267,7.589932920399884,2.3156290291559,0.4515065807608986,2.8811766295860246
81,16.0,17.0,,17.0,0.0454012565083034,2.0926209997839722e-07,0.0004990808779589,0.0585347285520209,7.635334176908187,2.3156292384180004,0.4511817981697268,2.93924510720804
82,16.0,17.0,,17.0,0.0370934226787123,1.3558269176252248e-07,0.0002064004583393,0.0421978996524423,7.6724275995869,2.315629374000692,0.4509753977113875,2.981443006860482
83,16.0,17.0,,17.0,0.0001365618288036,8.749699604959177e-08,0.0004545368655671,0.0067623270640601,7.6725641614157025,2.315629461497688,0.450731981314899,2.988205333924542
84,16.0,17.0,,17.0,0.0391531792004945,5.6248419314632916e-08,0.0003817695054633,0.0192461717294308,7.711717340616198,2.3156295177461077,0.4503510845655636,3.007451505653973
85,16.0,17.0,,17.0,3.80104949529316e-05,3.6025212526334635e-08,0.0002302369008576,0.0009049449154778,7.711755351111151,2.31562955377132,0.4501208476647061,3.008356450569451
86,16.0,17.0,,17.0,3.0960343611614844e-06,2.2989546532019733e-08,9.319224863637222e-05,0.0007000256517044,7.711758447145512,2.3156295767608666,0.4500276554160697,3.009056476221155
87,16.0,17.0,,17.0,0.0078626414179198,1.4619360453428692e-08,0.0003026995398524,0.0382792424371293,7.719621088563431,2.315629591380227,0.449826740105522,3.0473357186582843
88,16.0,17.0,,17.0,0.0002813892649014,9.264990493571509e-09,0.0006316909809366,0.0987113439194593,7.719902477828333,2.315629600645217,0.4495250851881002,3.146047062577744
89,16.0,17.0,,17.0,7.360353722070822e-06,5.852249871429507e-09,0.000291679353373,0.0386693302583812,7.719909838182057,2.3156296064974677,0.4492334058347271,3.184567921221209
90,16.0,17.0,,17.0,0.0262749402364095,3.6847063454817532e-09,0.0004263203961473,0.0581805412136574,7.746184778418465,2.3156296101821736,0.4488070854385798,3.242748462434867
91,16.0,17.0,,17.0,0.0609371756619404,2.312726158115822e-09,0.0003376107619002,5.801487197932826e-06,7.807121954080406,2.3156296124949,0.4484999804862695,3.242754263922065
92,16.0,17.0,,17.0,0.0311414318398632,1.4471861754143832e-09,0.0001791499655286,7.467524062788836e-07,7.838263385920269,2.315629613942086,0.4483208305207408,3.242755010674471
93,16.0,17.0,,17.0,0.0309652105379539,9.028996563779308e-10,0.0001476686045843,9.135356292917619e-08,7.868531032644269,2.315629614844985,0.4481731619161564,3.2427551020280343
94,16.0,17.0,,17.0,1.1875691166827841e-07,5.616995259879709e-10,0.0001714992289283,1.080939910379133e-08,7.868531151401181,2.315629615406685,0.4480016626872281,3.242755112837433
95,16.0,17.0,,17.0,0.0009703466665277,3.4845862663753516e-10,0.0002506745462409,0.0474757564597923,7.8695014980677085,2.3156296157551437,0.447750988140987,3.290230869297225
96,16.0,17.0,,17.0,0.0002395404774165,2.1558224822639427e-10,0.0002454328978949,0.0427996557971978,7.869741038545125,2.315629615970726,0.4475055552430922,3.333030525094423
97,16.0,17.0,,17.0,0.044155842129032,1.3302087508947948e-10,9.143881586356752e-05,6.082262696077677e-05,7.913896880674158,2.315629616103746,0.4474141164272285,3.333091347721384
98,16.0,17.0,,17.0,6.473276154420141e-06,8.186552772703751e-11,0.0003339266239811,0.0013200538007277,7.913903353950311,2.3156296161856127,0.4472070043422482,3.334411401522112
99,16.0,17.0,,17.0,0.0347158513608094,5.025569264565081e-11,0.0002864342036737,9.644972397328157e-08,7.94861920531112,2.315629616235868,0.4469842333758061,3.334411497971836
100,16.0,17.0,,17.0,0.0001483192599674,3.077509478237392e-11,0.0002936564489804,2.909034762086242e-08,7.948767524571089,2.315629616266643,0.4467920285580263,3.3344115270621835
101,16.0,17.0,,17.0,4.159739991722699e-06,1.8800533283246752e-11,0.0003451021036066,0.000174260470935,7.94877168431108,2.315629616285444,0.4464736818472999,3.3345857875331184
102,16.0,17.0,,17.0,0.0031163679977819,1.1458341882512078e-11,0.0005563512337267,0.1136619434108681,7.951888052308862,2.3156296162969023,0.4459984919185337,3.448247730943987
103,16.0,17.0,,17.0,0.0011734991034721,6.9675201523512975e-12,0.0001895888295926,0.0385366480342761,7.953061551412334,2.3156296163038697,0.445808903088941,3.4867843789782627
104,16.0,17.0,,17.0,0.0012678293493954,4.227323885132899e-12,0.000282247012115,0.0102944226392154,7.954329380761731,2.315629616308097,0.4455266560768259,3.4970788016174783
105,16.0,17.0,,17.0,3.721935784251938e-05,2.5591921389812536e-12,0.0001951258882407,0.0132761775173552,7.954366600119573,2.315629616310656,0.4453315301885852,3.510354979134833
106,16.0,17.0,,17.0,0.0061205024063164,1.545997999973794e-12,0.0002243903636901,0.1172565602255499,7.96048710252589,2.315629616312202,0.4451664980698459,3.627595223193156
107,16.0,17.0,,17.0,8.066263299955125e-05,9.319976786637537e-13,6.506944503151401e-05,0.0016414159790811,7.960567765158889,2.3156296163131342,0.4451014286248144,3.6292366391722375
108,16.0,,17.0,,0.0005995553752126,8.693045493812077e-05,6.055529372139915e-06,,7.961167320534101,0.4450144981698763,3.629242694701609,
109,16.0,,17.0,,0.0004948966930363,0.0003260146174741,6.068209014519767e-07,,7.961662217227137,0.4448137994811031,3.629243301522511,
110,16.0,,17.0,,6.644414610801618e-05,0.0001610392234701,3.7404917853730304e-08,,7.961728661373245,0.4446527602576329,3.629243338927429,
111,16.0,,17.0,,6.100722462719095e-07,7.064989125279105e-05,0.000214899980274,,7.961729271445493,0.4445821103663801,3.629458238907703,
112,16.0,,17.0,,1.582002732920455e-05,6.154571646791749e-05,2.676787064891757e-05,,7.961745091472822,0.4445205646499122,3.629485006778352,
113,16.0,,17.0,,0.0498408977159004,0.0002468868548629,3.19242304148699e-06,,8.01123460645293,0.4442736777950492,3.629488199201393,
114,16.0,,17.0,,0.0003679617273697,0.0002777745035847,4.137734883245037e-07,,8.0116025681803,0.4439959032914645,3.629488612974882,
115,16.0,,17.0,,5.757812742035922e-08,0.0001930420561363,5.380665945071298e-16,,8.011602625758428,0.4438028612353281,3.629488612974882,
116,16.0,,,,4.343840337239641e-05,0.0001177601894633,,,8.0116460641618,0.4436851010458648,,
117,16.0,,,,2.1674064864301685e-07,0.0001124184779854,,,8.011646280902449,0.4435735861797301,,
118,16.0,,,,0.0181251687713838,0.0001920832326981,,,8.029771449673833,0.4433815029470319,,
119,16.0,,,,3.830753916391014e-06,0.0003775127094019,,,8.02977528042775,0.4435348053801002,,
120,16.0,,,,6.701755882378049e-09,0.0001663909162163,,,8.029775287129505,0.4434104866424152,,
121,16.0,,,,0.0001560945797278,0.0002226828758906,,,8.029931381709233,0.4432895770666477,,
122,16.0,,,,1.6813010984561147e-05,0.0001668746529186,,,8.029948194720216,0.443122702413729,,
123,16.0,,,,1.132655040556421e-07,0.0002455952064267,,,8.029948307985721,0.4428886175671724,,
124,16.0,,,,8.39913721279766e-05,0.0002473450614742,,,8.030032299357849,0.4426557862084628,,
125,16.0,,,,8.711547543762034e-05,0.0002536879752946,,,8.030119414833287,0.44241370919538,,
126,16.0,,,,8.875541679424165e-07,7.299714839896245e-05,,,8.030120302387454,0.442340712046981,,
127,16.0,,,,0.0003674508930602,0.0001805309756459,,,8.030487753280514,0.4421601810713351,,
128,16.0,,,,2.297252333252055e-05,0.0001118277833944,,,8.030510725803847,0.4420483532879405,,
129,16.0,,,,1.0139164367293238e-06,0.0001683878914538,,,8.030511739720286,0.4418799653964868,,
130,16.0,,,,1.2723889990462708e-06,0.0003970717167203,,,8.030513012109283,0.4416766807169362,,
131,16.0,,,,1.6582318100405515e-06,0.0003908033667147,,,8.030514670341093,0.4413463882671892,,
132,16.0,,,,8.613545512175181e-06,0.000645129025861,,,8.030523283886605,0.440947715624589,,
133,16.0,,,,6.144304426132985e-07,0.0002250225412573,,,8.030523898317048,0.4407226930833317,,
134,16.0,,,,4.718766603478075e-05,0.0002717106540614,,,8.030571085983084,0.4404509824292704,,
135,16.0,,,,6.783752565827606e-07,0.0003162215886562,,,8.03057176435834,0.4403165453226006,,
136,16.0,,,,0.0217751792440304,0.0001731715907186,,,8.05234694360237,0.4402125560576721,,
137,16.0,,,,3.066244120204159e-08,0.000246027409269,,,8.05234697426481,0.4399855608320153,,
138,16.0,,,,4.18087245704576e-05,0.0004283350773717,,,8.052388782989382,0.4397159404844722,,
139,16.0,,,,2.4884748554003966e-06,0.0002338236146602,,,8.052391271464236,0.4394868634305617,,
140,16.0,,,,2.8008946015439637e-15,0.0003968434756159,,,8.05239127146424,0.4393168831890751,,
141,,,,,0.000226072675628,,,,0.4391218433666934,,,
142,,,,,0.0003040154589256,,,,0.4388634352724408,,,
143,,,,,0.0003137711566636,,,,0.438555036379414,,,
144,,,,,0.0002103068889544,,,,0.4383470761956583,,,
145,,,,,0.0003496637076222,,,,0.4384335128762237,,,
146,,,,,0.0003816203319391,,,,0.4383673591710872,,,
147,,,,,0.0001156837440618,,,,0.4382523862241062,,,
148,,,,,8.300160059574916e-05,,,,0.4381693846235105,,,
149,,,,,0.0001563421432813,,,,0.4380130424802291,,,
150,,,,,5.298568157086035e-05,,,,0.4379600567986583,,,
151,,,,,8.211400575408946e-05,,,,0.437878737342567,,,
152,,,,,0.0001138087616329,,,,0.4377654990377632,,,
153,,,,,8.485875088804389e-05,,,,0.4376914283183288,,,
154,,,,,6.340193798546573e-05,,,,0.4376285419744581,,,
155,,,,,2.6761547268389985e-05,,,,0.4376017804271896,,,
156,,,,,4.026803363540434e-05,,,,0.4375620607223736,,,
157,,,,,0.0001904228461451,,,,0.4374829108208191,,,
158,,,,,0.0001093572617779,,,,0.437398717502846,,,
159,,,,,0.000105257817031,,,,0.4374256883602229,,,
160,,,,,0.0004400135877098,,,,0.4373407305799337,,,
161,,,,,0.0001508935652138,,,,0.4373139590844151,,,
162,,,,,9.902297132963154e-05,,,,0.4372287515693468,,,
163,,,,,0.0004918888182007,,,,0.437161210389295,,,
164,,,,,8.454059764932277e-05,,,,0.4371072277120903,,,
165,,,,,7.539307242029275e-05,,,,0.4370450386092189,,,
166,,,,,0.0001948625417979,,,,0.4370914577951912,,,
167,,,,,0.0002003264622288,,,,0.4371138966394108,,,
168,,,,,9.641277784483616e-05,,,,0.4371151305315137,,,
169,,,,,5.864321442061364e-05,,,,0.4370842369686832,,,
170,,,,,9.77455679691915e-05,,,,0.4370310699587465,,,
171,,,,,0.0001699770820346,,,,0.4370293928945787,,,
172,,,,,6.455425825051743e-05,,,,0.4370208134518957,,,
173,,,,,6.741836674933565e-05,,,,0.4370250455519084,,,
174,,,,,1.1806976178760042e-05,,,,0.4370357157975811,,,
175,,,,,9.91230722539484e-05,,,,0.4369787922603171,,,
176,,,,,6.48552224551341e-05,,,,0.4369493995892759,,,
177,,,,,0.0002277513145004,,,,0.4368234034983648,,,
178,,,,,0.0001338829252717,,,,0.4368626990327565,,,
179,,,,,7.923078778107847e-05,,,,0.4368436234230839,,,
180,,,,,8.779876803158075e-05,,,,0.4368148875956343,,,
181,,,,,3.5258350087582e-05,,,,0.4368217542579024,,,
182,,,,,8.261622443006608e-05,,,,0.4368061738078161,,,
183,,,,,2.8758348658214318e-05,,,,0.4368304177953086,,,
184,,,,,0.000194408022589,,,,0.436828734639863,,,
185,,,,,3.119654491859284e-05,,,,0.4368339401844381,,,
186,,,,,0.0003233402563853,,,,0.4369955615253253,,,
187,,,,,5.40140070580931e-05,,,,0.4369791914486569,,,
188,,,,,6.331568501546164e-05,,,,0.4369547796788617,,,
189,,,,,2.34014896651268e-05,,,,0.4369618042721984,,,
190,,,,,7.256549163405798e-05,,,,0.4369289859561587,,,
191,,,,,5.323937670112597e-05,,,,0.4369040505326794,,,
192,,,,,0.0005414568677843,,,,0.4371665410631656,,,
193,,,,,0.0001408162791364,,,,0.4371374743022215,,,
194,,,,,3.900937136262594e-05,,,,0.4371407273089928,,,
195,,,,,2.900854188368877e-05,,,,0.4371697358508765,,,
196,,,,,2.1361896934176075e-05,,,,0.4371910977478108,,,
197,,,,,8.525740278199443e-05,,,,0.4371981130933549,,,
198,18.0,,,,0.0416128864123322,,,,0.4786026947980909,,,
199,18.0,,,,2.3329355098887835e-05,,,,0.4786091953705371,,,
200,18.0,,,,4.382698778310161e-05,,,,0.4785951022426054,,,
201,18.0,,,,2.1210150358308e-05,,,,0.4786163123929637,,,
202,18.0,,,,3.0297993502730532e-05,,,,0.4786235399219267,,,
203,18.0,,,,0.0001530118873019,,,,0.47858626887891,,,
204,18.0,,,,4.426871989491976e-05,,,,0.4785757751420264,,,
205,17.0,,,,0.0074942060004748,,,,0.4859454375443873,,,
206,17.0,,,,2.0737564983994794e-05,,,,0.485956506883157,,,
207,17.0,,,,5.723989580882876e-05,,,,0.4859208421816599,,,
208,17.0,,,,1.540122458546768e-05,,,,0.4859349997205232,,,
209,17.0,,,,2.1345746079817867e-05,,,,0.485927968818478,,,
210,17.0,,,,6.936344393178785e-05,,,,0.4858828716837338,,,
211,17.0,,,,4.169270490058308e-05,,,,0.4858581956453844,,,
212,17.0,,,,0.040287121136672,,,,0.526068510826525,,,
213,17.0,,,,3.797303405142637e-05,,,,0.526046233560941,,,
214,17.0,,,,0.0001368904833842,,,,0.5260214225630655,,,
215,17.0,,,,0.0394659577996065,,,,0.5653986833105937,,,
216,17.0,,,,4.828826164627721e-05,,,,0.5653628998623801,,,
217,17.0,,,,0.0001379800892852,,,,0.5653498640799088,,,
218,16.0,,,,0.0388857446657305,,,,0.6041956000823203,,,
219,16.0,,,,1.660219128838884e-05,,,,0.6041902438917822,,,
220,16.0,,,,0.0379629575744308,,,,0.6421190945984581,,,
221,16.0,,,,8.70760468525326e-06,,,,0.6421174365448099,,,
222,16.0,,,,0.0022222182415359,,,,0.6441442555390074,,,
223,16.0,,,,0.0371592422650757,,,,0.6812759280865471,,,
224,16.0,,,,1.684053830220334e-05,,,,0.6812733151847439,,,
225,16.0,,,,2.239487872684634e-05,,,,0.6812529220714209,,,
226,16.0,,,,0.0001210498344721,,,,0.6813483152196392,,,
227,16.0,,,,0.0006906289139773,,,,0.6819621522548718,,,
228,16.0,,,,0.0395124219776054,,,,0.7214553869262151,,,
229,16.0,,,,1.0732696366507952e-05,,,,0.7214488208368481,,,
230,16.0,,,,0.0356889704381224,,,,0.7571110650312416,,,
231,16.0,,,,0.0001685565621316,,,,0.7572012745068887,,,
232,16.0,,,,2.537425198226917e-05,,,,0.7571981619265187,,,
233,16.0,,,,0.0353565255250125,,,,0.7925505976499916,,,
234,16.0,,,,5.972830784634358e-05,,,,0.7926005117442438,,,
235,16.0,,,,0.0344114772923981,,,,0.8270027525073412,,,
236,16.0,,,,1.835731130488277e-05,,,,0.8269874598936907,,,
237,16.0,,,,0.0351949134587083,,,,0.8621806736697059,,,
238,16.0,,,,0.0311771457944329,,,,0.8930899134702693,,,
239,16.0,,,,0.0001245952776316,,,,0.8931909471176476,,,
240,16.0,,,,0.0001765612056855,,,,0.8933626136493958,,,
241,16.0,,,,0.0324405742634142,,,,0.9258027388221832,,,
242,16.0,,,,0.0317510667387068,,,,0.9575538055608904,,,
243,16.0,,,,0.0009023515697463,,,,0.9584561571306364,,,
244,16.0,,,,0.0321886300113608,,,,0.9906447871419972,,,
245,16.0,,,,0.0317674981832879,,,,1.0224122853252855,,,
246,16.0,,,,0.0301346306550921,,,,1.0525469159803775,,,
247,16.0,,,,0.0334775779244218,,,,1.085993342139549,,,
248,16.0,,,,0.0286629103079535,,,,1.114656252447502,,,
249,16.0,,,,0.0281365877547992,,,,1.142792840202301,,,
250,16.0,,,,0.0373391717148087,,,,1.1801169910499427,,,
251,16.0,,,,0.027692325058632,,,,1.2078093161085748,,,
252,16.0,,,,0.0276759907435304,,,,1.2354853068521052,,,
253,16.0,,,,0.0259855276659032,,,,1.2614708345180083,,,
254,16.0,,,,0.0474853331645099,,,,1.3089561676825183,,,
255,16.0,,,,0.025040164710055,,,,1.3339963323925732,,,
256,16.0,,,,0.0245410091757113,,,,1.3585373415682849,,,
257,16.0,,,,0.0241116233790555,,,,1.3826489649473404,,,
258,16.0,,,,0.0251203262272738,,,,1.4077692911746142,,,
259,16.0,,,,0.0230617868560444,,,,1.4308310780306586,,,
260,16.0,,,,0.023549236844395,,,,1.454380314875054,,,
261,16.0,,,,0.0223398482137635,,,,1.4767201630888174,,,
262,16.0,,,,0.0217091432357243,,,,1.4984293063245415,,,
263,16.0,,,,0.0221259617838698,,,,1.5205552681084114,,,
264,16.0,,,,0.0338631497556881,,,,1.5544184178640996,,,
265,17.0,,,,0.023971283203904,,,,1.5783897010680037,,,
266,17.0,,,,0.036423154958605,,,,1.614812856026609,,,
267,16.0,,,,0.02003230680622,,,,1.6348451628328289,,,
268,16.0,,,,0.0195463410128008,,,,1.6543915038456296,,,
269,16.0,,,,0.0187290877484123,,,,1.673120591594042,,,
270,16.0,,,,0.0600913145661476,,,,1.73282772621321,,,
271,16.0,,,,0.0176799743224088,,,,1.7505077005356189,,,
272,16.0,,,,0.0417968662925437,,,,1.7922976317057475,,,
273,16.0,,,,0.0273958098615711,,,,1.819693441567319,,,
274,16.0,,,,0.0165903584650608,,,,1.8362838000323796,,,
275,16.0,,,,0.0163548076251035,,,,1.852638607657483,,,
276,16.0,,,,0.0264614996114366,,,,1.8791001072689195,,,
277,16.0,,,,0.0161265912014398,,,,1.89522669847036,,,
278,16.0,,,,0.0306802083147897,,,,1.9259069067851493,,,
279,16.0,,,,0.0148660096753406,,,,1.94077291646049,,,
280,16.0,,,,0.015892372062816,,,,1.956665288523306,,,
281,16.0,,,,0.0153880346954955,,,,1.9720533232188016,,,
282,16.0,,,,0.014264327620786,,,,1.986317650839588,,,
283,16.0,,,,0.0137096716107951,,,,2.0000273224503826,,,
284,16.0,,,,0.0436573013475681,,,,2.043684623797951,,,
285,16.0,,,,0.0364092174528401,,,,2.080093841250791,,,
286,16.0,,,,0.022863174704528,,,,2.1029570159553197,,,
287,16.0,,,,0.0123948693749369,,,,2.115351885330256,,,
288,16.0,,,,0.01421269466963,,,,2.129564579999886,,,
289,16.0,,,,0.0417208032051537,,,,2.17128538320504,,,
290,16.0,,,,0.0235080551059239,,,,2.194793438310964,,,
291,16.0,,,,0.0206517066658644,,,,2.215445144976828,,,
292,16.0,,,,0.0132106033890003,,,,2.2286557483658287,,,
293,16.0,,,,0.0201000312048575,,,,2.2487557795706863,,,
294,16.0,,,,0.0125573642123491,,,,2.261313143783036,,,
295,16.0,,,,0.0407282265940629,,,,2.3020413703770983,,,
296,16.0,,,,0.0096599909291033,,,,2.3117013613062016,,,
297,16.0,,,,0.0442770968056204,,,,2.3559784581118217,,,
298,16.0,,,,0.0184095267142629,,,,2.374387984826085,,,
299,16.0,,,,0.0445309083019748,,,,2.41891889312806,,,
300,16.0,,,,0.0270619234283912,,,,2.445980816556451,,,
301,16.0,,,,0.0498389750128937,,,,2.4958197915693447,,,
302,16.0,,,,0.0118808576733618,,,,2.5077006492427065,,,
303,16.0,,,,0.0379805926862586,,,,2.545681241928966,,,
304,16.0,,,,0.0433289884456616,,,,2.5890102303746274,,,
305,16.0,,,,0.0105374818388124,,,,2.59954771221344,,,
306,16.0,,,,0.0170835973064947,,,,2.616631309519934,,,
307,16.0,,,,0.0330762060125458,,,,2.64970751553248,,,
308,16.0,,,,0.0347129632639666,,,,2.6844204787964467,,,
309,16.0,,,,0.0248167657543426,,,,2.7092372445507893,,,
310,16.0,,,,0.0600934335713194,,,,2.7693306781221088,,,
311,16.0,,,,0.0545777777354837,,,,2.8239084558575924,,,
312,16.0,,,,0.0075372128941437,,,,2.831445668751736,,,
313,16.0,,,,0.0244761969162889,,,,2.855920481694299,,,
314,16.0,,,,0.0295618672625034,,,,2.8854823489568022,,,
315,16.0,,,,0.0034330513225664,,,,2.888915400279369,,,
316,16.0,,,,0.0346315947687931,,,,2.923546995048162,,,
317,16.0,,,,0.0099524495355333,,,,2.933499444583695,,,
318,16.0,,,,0.0401632559205937,,,,2.9736627005042893,,,
319,16.0,,,,0.0227576451189083,,,,2.9964203456231973,,,
320,16.0,,,,0.0302486910035254,,,,3.026669036626723,,,
321,16.0,,,,0.0294578728963037,,,,3.0561269095230266,,,
322,16.0,,,,0.002636156682729,,,,3.0587630662057554,,,
323,16.0,,,,0.0239140607026027,,,,3.082677126908359,,,
324,16.0,,,,0.0158117772714906,,,,3.0984889041798485,,,
325,16.0,,,,0.0284208135186966,,,,3.1269097176985454,,,
326,16.0,,,,0.0367790905924338,,,,3.163688808290979,,,
327,16.0,,,,0.0038401002126926,,,,3.167528908503672,,,
328,16.0,,,,0.0307917631440964,,,,3.1983206716477683,,,
329,16.0,,,,0.0237578629117639,,,,3.2220785345595324,,,
330,16.0,,,,0.0522028130939072,,,,3.27428134765344,,,
331,16.0,,,,0.0129008201537699,,,,3.2871821678072104,,,
332,16.0,,,,0.0369698874592582,,,,3.324152055266468,,,
333,16.0,,,,0.0257851085203857,,,,3.3499371637868536,,,
334,16.0,,,,0.0133397508168029,,,,3.3632769146036563,,,
335,16.0,,,,0.0171050683423156,,,,3.3803819829459725,,,
336,16.0,,,,0.0116561725337454,,,,3.392038155479718,,,
337,16.0,,,,0.0195277351820582,,,,3.411565890661776,,,
338,16.0,,,,0.0607637185701582,,,,3.472329609231934,,,
339,16.0,,,,0.022517526402446,,,,3.49484713563438,,,
340,16.0,,,,0.0658926625159391,,,,3.560653529489943,,,
341,16.0,,,,0.0092837467845197,,,,3.569937276274462,,,
342,16.0,,,,0.0091408756990714,,,,3.5790781519735337,,,
343,16.0,,,,0.0032018246542323,,,,3.582279976627766,,,
344,16.0,,,,0.006644046357637,,,,3.588924022985404,,,
345,16.0,,,,0.011391661684591,,,,3.6003156846699937,,,
346,16.0,,,,0.0122441988700486,,,,3.6125598835400425,,,
347,16.0,,,,0.0295423474542575,,,,3.6421022309943,,,
348,16.0,,,,0.0047675226755982,,,,3.646869753669898,,,
349,16.0,,,,0.0232029787089436,,,,3.6700727323788422,,,
350,16.0,,,,0.0051179654256338,,,,3.675190697804476,,,
351,16.0,,,,0.0026397444525643,,,,3.677830442257041,,,
352,16.0,,,,0.0002527818838086,,,,3.678083224140849,,,
353,16.0,,,,0.0021290073514973,,,,3.680212231492346,,,
354,16.0,,,,0.0122088167950816,,,,3.692421048287428,,,
355,16.0,,,,0.0023361165343255,,,,3.6947571648217536,,,
356,16.0,,,,0.0403292788597113,,,,3.735086443681465,,,
357,16.0,,,,0.0196146849670178,,,,3.754701128648483,,,
358,16.0,,,,0.0029788667809476,,,,3.7576799954294304,,,
359,16.0,,,,0.0222202497915212,,,,3.779900245220952,,,
360,16.0,,,,0.0189626922460777,,,,3.7988629374670295,,,
361,16.0,,,,0.0015931380748187,,,,3.800456075541848,,,
362,16.0,,,,0.0015912155776422,,,,3.8020472911194902,,,
363,16.0,,,,0.0014751377649052,,,,3.803522428884396,,,
364,16.0,,,,0.0111615645060236,,,,3.8146839933904193,,,
365,16.0,,,,0.0265802507719656,,,,3.841264244162385,,,
366,16.0,,,,0.0135549998375778,,,,3.854819243999963,,,
367,16.0,,,,0.0002779884043548,,,,3.855097232404318,,,
368,16.0,,,,0.0213148032767294,,,,3.876412035681047,,,
369,16.0,,,,0.0001121737984699,,,,3.8765242094795167,,,
370,16.0,,,,0.0045150054481163,,,,3.881039214927634,,,
371,16.0,,,,0.0005596445763202,,,,3.881598859503954,,,
372,16.0,,,,0.0182992341531395,,,,3.899898093657093,,,
373,16.0,,,,0.0303534931570355,,,,3.930251586814129,,,
374,16.0,,,,0.0002639720190648,,,,3.930515558833194,,,
375,16.0,,,,0.0264538701323486,,,,3.956969428965543,,,
376,16.0,,,,0.0199146163552051,,,,3.9768840453207472,,,
377,16.0,,,,0.0451148995065985,,,,4.021998944827346,,,
378,16.0,,,,0.0003826995640973,,,,4.022381644391443,,,
379,16.0,,,,0.0083202739350344,,,,4.030701918326479,,,
380,16.0,,,,0.0183376321607187,,,,4.049039550487196,,,
381,16.0,,,,0.015701527822946,,,,4.064741078310142,,,
382,16.0,,,,0.0133863160216035,,,,4.078127394331746,,,
383,16.0,,,,0.0260264133423847,,,,4.104153807674131,,,
384,16.0,,,,6.083735919100275e-05,,,,4.104214645033322,,,
385,16.0,,,,0.0135750949137367,,,,4.117789739947058,,,
386,16.0,,,,0.0031643882025784,,,,4.120954128149638,,,
387,16.0,,,,0.0136584299955129,,,,4.13461255814515,,,
388,16.0,,,,7.652566707294455e-05,,,,4.134689083812223,,,
389,16.0,,,,0.0157173663823253,,,,4.150406450194549,,,
390,16.0,,,,5.515865632879036e-05,,,,4.150461608850877,,,
391,16.0,,,,0.0017619829127848,,,,4.152223591763661,,,
392,16.0,,,,0.0100163756643517,,,,4.162239967428014,,,
393,16.0,,,,3.923223725726148e-05,,,,4.162279199665271,,,
394,16.0,,,,0.0247695601347279,,,,4.187048759799999,,,
395,16.0,,,,0.0094560827026938,,,,4.1965048425026925,,,
396,16.0,,,,0.0185469608165661,,,,4.215051803319259,,,
397,16.0,,,,0.001059253836767,,,,4.216111057156025,,,
398,16.0,,,,0.0068586200632247,,,,4.222969677219251,,,
399,16.0,,,,0.0346390020057099,,,,4.257608679224961,,,
400,16.0,,,,0.0008240935265285,,,,4.258432772751489,,,
401,16.0,,,,0.0372168077312549,,,,4.295649580482744,,,
402,16.0,,,,0.0552285381534042,,,,4.350878118636149,,,
403,16.0,,,,0.0473338544570478,,,,4.398211973093197,,,
404,16.0,,,,0.0022844641795084,,,,4.400496437272705,,,
405,16.0,,,,0.0236191711010537,,,,4.424115608373758,,,
406,16.0,,,,0.0305765289309836,,,,4.4546921373047415,,,
407,16.0,,,,0.0309780346134627,,,,4.485670171918205,,,
408,16.0,,,,0.0020542226837646,,,,4.48772439460197,,,
409,16.0,,,,0.015383627220451,,,,4.50310802182242,,,
410,16.0,,,,0.0054502273545665,,,,4.508558249176987,,,
411,16.0,,,,0.0046281073648227,,,,4.5131863565418096,,,
412,16.0,,,,0.0141995961099941,,,,4.527385952651803,,,
413,16.0,,,,0.0297435244757294,,,,4.557129477127533,,,
414,16.0,,,,0.0002931053038252,,,,4.557422582431358,,,
415,16.0,,,,0.0164311159143593,,,,4.573853698345718,,,
416,16.0,,,,0.0005302040997517,,,,4.5743839024454696,,,
417,16.0,,,,0.0034164354515179,,,,4.577800337896987,,,
418,16.0,,,,0.0071950245899738,,,,4.5849953624869615,,,
419,16.0,,,,0.0124345864152462,,,,4.597429948902208,,,
420,16.0,,,,0.0037297585512376,,,,4.601159707453445,,,
421,16.0,,,,0.0100085873871622,,,,4.611168294840607,,,
422,16.0,,,,0.0007424370754344,,,,4.611910731916042,,,
423,16.0,,,,0.0091415356334566,,,,4.6210522675495,,,
424,16.0,,,,0.0178341997893979,,,,4.638886467338897,,,
425,16.0,,,,0.0198302569351987,,,,4.658716724274095,,,
426,16.0,,,,0.0036589790134161,,,,4.662375703287511,,,
427,16.0,,,,0.0134150024157495,,,,4.675790705703261,,,
428,16.0,,,,0.0048899226709248,,,,4.680680628374185,,,
429,16.0,,,,0.001255835137044,,,,4.68193646351123,,,
430,16.0,,,,0.0087752838095083,,,,4.690711747320739,,,
431,16.0,,,,0.0063126232913546,,,,4.697024370612093,,,
432,16.0,,,,0.0115646813294958,,,,4.708589051941589,,,
433,16.0,,,,0.0005971775263028,,,,4.709186229467892,,,
434,16.0,,,,0.0002846405212107,,,,4.709470869989103,,,
435,16.0,,,,0.001816379313501,,,,4.711287249302603,,,
436,16.0,,,,0.0059122462292949,,,,4.717199495531898,,,
437,16.0,,,,0.0131453161518852,,,,4.730344811683784,,,
438,16.0,,,,0.0005566226705546,,,,4.7309014343543385,,,
439,16.0,,,,0.0126410084570264,,,,4.743542442811364,,,
440,16.0,,,,0.0001909213742672,,,,4.743733364185632,,,
441,16.0,,,,0.0085620484053596,,,,4.752295412590991,,,
442,16.0,,,,0.0012503524196886,,,,4.75354576501068,,,
443,16.0,,,,0.0014524090462246,,,,4.7549981740569045,,,
444,16.0,,,,0.000100307552508,,,,4.755098481609413,,,
445,16.0,,,,0.0253556811599498,,,,4.780454162769363,,,
446,16.0,,,,0.0441165826745366,,,,4.8245707454439,,,
447,16.0,,,,0.0375414683822316,,,,4.86211221382613,,,
448,16.0,,,,0.0323476172057504,,,,4.894459831031882,,,
449,16.0,,,,0.0002908908583313,,,,4.8947507218902135,,,
450,16.0,,,,0.0007998753385855,,,,4.895550597228798,,,
451,16.0,,,,0.0262626242715283,,,,4.921813221500328,,,
452,16.0,,,,0.0002075904541389,,,,4.922020811954464,,,
453,16.0,,,,0.0112134775427101,,,,4.933234289497176,,,
454,16.0,,,,0.0005804039357701,,,,4.9338146934329465,,,
455,16.0,,,,0.0002755256205243,,,,4.934090219053471,,,
456,16.0,,,,0.0038836265347587,,,,4.937973845588229,,,
457,16.0,,,,0.0017157222102872,,,,4.939689567798515,,,
458,16.0,,,,0.0140683323559811,,,,4.953757900154497,,,
459,16.0,,,,0.0014235186463763,,,,4.955181418800874,,,
460,16.0,,,,1.793744030971322e-05,,,,4.9551993562411845,,,
461,16.0,,,,0.0011969641160249,,,,4.956396320357209,,,
462,16.0,,,,0.017590775210815,,,,4.973987095568024,,,
463,16.0,,,,0.0136929959111149,,,,4.987680091479139,,,
464,16.0,,,,0.0006765648511216,,,,4.98835665633026,,,
465,16.0,,,,0.0374754132561276,,,,5.025832069586388,,,
466,16.0,,,,0.0156872820735371,,,,5.041519351659926,,,
467,16.0,,,,0.021468227325175,,,,5.06294191587035,,,
468,16.0,,,,0.0065465212864697,,,,5.069488437156819,,,
469,16.0,,,,0.0123320283341703,,,,5.081820465490989,,,
470,16.0,,,,0.0099007221804181,,,,5.091721187671407,,,
471,16.0,,,,7.024112561479973e-06,,,,5.091728211783969,,,
472,16.0,,,,2.3960285945136544e-05,,,,5.0917521720699135,,,
473,16.0,,,,0.0022148693049077,,,,5.093967041374823,,,
474,16.0,,,,0.003241945103964,,,,5.097208986478787,,,
475,16.0,,,,0.025792780890163,,,,5.123001767368948,,,
476,16.0,,,,0.0137619916371608,,,,5.136763759006109,,,
477,16.0,,,,0.0376646365165936,,,,5.174428395522703,,,
478,16.0,,,,0.0441406031603402,,,,5.218568998683044,,,
479,16.0,,,,0.0010863213724667,,,,5.219655320055511,,,
480,16.0,,,,0.0258444186331282,,,,5.245499738688639,,,
481,16.0,,,,0.007715965007815,,,,5.253215703696454,,,
482,16.0,,,,6.284429032454852e-05,,,,5.2532785479867785,,,
483,16.0,,,,0.0005611737416392,,,,5.253839721728418,,,
484,16.0,,,,0.0233110853312207,,,,5.277150807059638,,,
485,16.0,,,,0.0033142063255508,,,,5.280465013385189,,,
486,16.0,,,,3.553322122125546e-05,,,,5.28050054660641,,,
487,16.0,,,,0.0031565444083956,,,,5.283657091014806,,,
488,16.0,,,,0.0255181571826719,,,,5.309175248197477,,,
489,16.0,,,,1.6811049683457145e-06,,,,5.3091769293024464,,,
490,16.0,,,,6.228952210350688e-07,,,,5.309177552197666,,,
491,16.0,,,,0.0003469042664524,,,,5.30952445646412,,,
492,16.0,,,,0.0085064977837442,,,,5.318030954247863,,,
493,16.0,,,,0.0017935536689015,,,,5.319824507916765,,,
494,16.0,,,,1.0429967776308973e-07,,,,5.319824612216443,,,
495,16.0,,,,0.0225816831316089,,,,5.342406295348052,,,
496,16.0,,,,0.0143486348612855,,,,5.356754930209338,,,
497,16.0,,,,0.0013231906522197,,,,5.358078120861558,,,
498,16.0,,,,0.0049930759552117,,,,5.363071196816769,,,
499,16.0,,,,0.0016089723072841,,,,5.364680169124053,,,
500,16.0,,,,0.0046025322384315,,,,5.369282701362485,,,
501,16.0,,,,0.0337915622470045,,,,5.40307426360949,,,
502,16.0,,,,0.0013074816272335,,,,5.404381745236723,,,
503,16.0,,,,0.0327716936262389,,,,5.437153438862961,,,
504,16.0,,,,5.0040673637943647e-05,,,,5.4372034795366,,,
505,16.0,,,,0.0190561256600763,,,,5.456259605196676,,,
506,16.0,,,,2.5484676609674473e-10,,,,5.456259605451523,,,
507,16.0,,,,3.6752972512193385e-05,,,,5.4562963584240345,,,
508,16.0,,,,0.060169639489506,,,,5.51646599791354,,,
509,16.0,,,,0.00773753399014,,,,5.524203531903681,,,
510,16.0,,,,0.0272073410304798,,,,5.55141087293416,,,
511,16.0,,,,0.0028364970793753,,,,5.554247370013536,,,
512,16.0,,,,0.0149617406350977,,,,5.569209110648635,,,
513,16.0,,,,0.0231168857041807,,,,5.592325996352814,,,
514,16.0,,,,0.0327540513509425,,,,5.625080047703757,,,
515,16.0,,,,2.7232256475462944e-05,,,,5.625107279960233,,,
516,16.0,,,,0.0206736632799695,,,,5.645780943240202,,,
517,16.0,,,,0.0191963858087942,,,,5.664977329048996,,,
518,16.0,,,,0.0021742172842337,,,,5.667151546333232,,,
519,16.0,,,,0.0198150587741829,,,,5.686966605107413,,,
520,16.0,,,,0.0160177254923948,,,,5.702984330599808,,,
521,16.0,,,,0.0001864651350481,,,,5.703170795734857,,,
522,16.0,,,,0.0020244334501299,,,,5.705195229184986,,,
523,16.0,,,,0.0161755821074727,,,,5.721370811292459,,,
524,16.0,,,,0.0142348764435202,,,,5.73560568773598,,,
525,16.0,,,,0.0092109840949617,,,,5.744816671830941,,,
526,16.0,,,,1.6925838256637732e-05,,,,5.7448335976691975,,,
527,16.0,,,,0.0272850426768917,,,,5.772118640346089,,,
528,16.0,,,,0.0001180338943147,,,,5.772236674240403,,,
529,16.0,,,,0.007751588275416,,,,5.779988262515821,,,
530,16.0,,,,0.0056701249885299,,,,5.785658387504351,,,
531,16.0,,,,0.003807745507255,,,,5.789466133011605,,,
532,16.0,,,,0.0536581581200212,,,,5.843124291131626,,,
533,16.0,,,,0.0223463160149383,,,,5.865470607146565,,,
534,16.0,,,,0.0186605998117618,,,,5.884131206958327,,,
535,16.0,,,,0.003010608060337,,,,5.887141815018664,,,
536,16.0,,,,0.1212719462732099,,,,6.008413761291874,,,
537,16.0,,,,5.681149262045673e-08,,,,6.008413818103366,,,
538,16.0,,,,0.007202940876425,,,,6.015616758979792,,,
539,16.0,,,,0.026160452058833,,,,6.0417772110386245,,,
540,16.0,,,,9.903647670721243e-06,,,,6.041787114686295,,,
541,16.0,,,,0.0060939078451769,,,,6.047881022531471,,,
542,16.0,,,,0.0096904675886086,,,,6.057571490120081,,,
543,16.0,,,,0.0075942791685583,,,,6.065165769288639,,,
544,16.0,,,,0.0217099870702534,,,,6.086875756358892,,,
545,16.0,,,,0.0400683940729392,,,,6.126944150431832,,,
546,16.0,,,,0.0162930030267228,,,,6.143237153458554,,,
547,16.0,,,,0.0045285873937158,,,,6.14776574085227,,,
548,16.0,,,,0.0070071473070913,,,,6.154772888159362,,,
549,16.0,,,,0.0175648311520241,,,,6.172337719311386,,,
550,16.0,,,,0.0023286676986358,,,,6.174666387010023,,,
551,16.0,,,,0.0125199135068917,,,,6.187186300516914,,,
552,16.0,,,,0.0213450576203875,,,,6.208531358137301,,,
553,16.0,,,,0.0387850418462319,,,,6.247316399983534,,,
554,16.0,,,,0.0235948517873925,,,,6.270911251770926,,,
555,16.0,,,,0.0186466646650205,,,,6.289557916435946,,,
556,16.0,,,,0.0176700628585524,,,,6.307227979294499,,,
557,16.0,,,,0.0046101965768198,,,,6.311838175871317,,,
558,16.0,,,,0.0087101437099659,,,,6.3205483195812855,,,
559,16.0,,,,0.0010668209515333,,,,6.321615140532818,,,
560,16.0,,,,0.0015354407605562,,,,6.323150581293373,,,
561,16.0,,,,0.0059735760043667,,,,6.329124157297741,,,
562,16.0,,,,0.0008187168180962,,,,6.329942874115837,,,
563,16.0,,,,0.0060575785702583,,,,6.336000452686095,,,
564,16.0,,,,0.0018401410268767,,,,6.337840593712972,,,
565,16.0,,,,0.0007615192155274,,,,6.338602112928501,,,
566,16.0,,,,0.0008618877689728,,,,6.339464000697474,,,
567,16.0,,,,0.000422362062005,,,,6.3398863627594775,,,
568,16.0,,,,0.0029416625403105,,,,6.342828025299788,,,
569,16.0,,,,0.0075538476309844,,,,6.350381872930773,,,
570,16.0,,,,0.027180259427901,,,,6.3775621323586735,,,
571,16.0,,,,5.558560175759188e-07,,,,6.377562688214692,,,
572,16.0,,,,0.0010865890802893,,,,6.37864927729498,,,
573,16.0,,,,0.0007624814126799,,,,6.37941175870766,,,
574,16.0,,,,0.006429150356046,,,,6.385840909063706,,,
575,16.0,,,,0.0050252890475114,,,,6.390866198111218,,,
576,16.0,,,,0.0004162051020814,,,,6.3912824032133,,,
577,16.0,,,,0.0021575752401631,,,,6.393439978453462,,,
578,16.0,,,,0.0046775771036373,,,,6.398117555557099,,,
579,16.0,,,,0.006269635738254,,,,6.404387191295354,,,
580,16.0,,,,0.0001913317248733,,,,6.404578523020228,,,
581,16.0,,,,0.0013364106127657,,,,6.405914933632992,,,
582,16.0,,,,0.0029109631657334,,,,6.408825896798726,,,
583,16.0,,,,0.0048628639481425,,,,6.413688760746869,,,
584,16.0,,,,0.0012816792515235,,,,6.414970439998393,,,
585,16.0,,,,0.0001484148470103,,,,6.415118854845403,,,
586,16.0,,,,9.280617880688827e-05,,,,6.415211661024209,,,
587,16.0,,,,0.0005583812326672,,,,6.415770042256876,,,
588,16.0,,,,0.0001821435298396,,,,6.4159521857867166,,,
589,16.0,,,,0.000250356086784,,,,6.4162025418735,,,
590,16.0,,,,0.0003074388921608,,,,6.416509980765661,,,
591,16.0,,,,1.1971529990723708e-05,,,,6.416521952295652,,,
592,16.0,,,,0.0001388227424818,,,,6.4166607750381335,,,
593,16.0,,,,0.0015106119505398,,,,6.418171386988674,,,
594,16.0,,,,0.0001208283029336,,,,6.418292215291608,,,
595,16.0,,,,0.0094913590228223,,,,6.427783574314431,,,
596,16.0,,,,0.0029246736455496,,,,6.43070824795998,,,
597,16.0,,,,7.946866376829829e-05,,,,6.430787716623748,,,
598,16.0,,,,0.0011045677065444,,,,6.431892284330293,,,
599,16.0,,,,6.445095396358507e-05,,,,6.431956735284256,,,
600,16.0,,,,0.0004907168626786,,,,6.432447452146935,,,
601,16.0,,,,0.0194297457591108,,,,6.451877197906046,,,
602,16.0,,,,4.898322392947354e-05,,,,6.451926181129974,,,
603,16.0,,,,0.0409776661219461,,,,6.492903847251921,,,
604,16.0,,,,5.094540013500861e-05,,,,6.492954792652056,,,
605,16.0,,,,2.538243658594285e-11,,,,6.492954792677439,,,
606,16.0,,,,0.0003284033817983,,,,6.493283196059236,,,
607,16.0,,,,0.000272506303688,,,,6.493555702362925,,,
608,16.0,,,,0.0062503492148758,,,,6.499806051577801,,,
609,16.0,,,,7.272051901517277e-06,,,,6.499813323629702,,,
610,16.0,,,,0.0157928371489322,,,,6.515606160778634,,,
611,16.0,,,,0.0267192388982288,,,,6.542325399676864,,,
612,16.0,,,,0.0052437818537545,,,,6.547569181530617,,,
613,16.0,,,,0.0224075983629858,,,,6.569976779893604,,,
614,16.0,,,,6.544142402864679e-05,,,,6.570042221317633,,,
615,16.0,,,,9.07222550663896e-05,,,,6.570132943572698,,,
616,16.0,,,,5.75037732221417e-05,,,,6.5701904473459205,,,
617,16.0,,,,0.0331378997333363,,,,6.603328347079257,,,
618,16.0,,,,1.371613309693752e-05,,,,6.603342063212354,,,
619,16.0,,,,2.4875895296940596e-05,,,,6.603366939107651,,,
620,16.0,,,,3.716527554879991e-06,,,,6.603370655635206,,,
621,16.0,,,,0.0024926148387344,,,,6.605863270473941,,,
622,16.0,,,,0.0083695650123166,,,,6.614232835486257,,,
623,16.0,,,,9.353404536242314e-07,,,,6.614233770826711,,,
624,16.0,,,,2.142515529852415e-05,,,,6.61425519598201,,,
625,16.0,,,,1.234233255704635e-05,,,,6.614267538314566,,,
626,16.0,,,,7.058602695537174e-06,,,,6.614274596917262,,,
627,16.0,,,,0.0170868390789254,,,,6.631361435996187,,,
628,16.0,,,,9.066013995672706e-06,,,,6.631370502010183,,,
629,16.0,,,,0.0218213176568328,,,,6.653191819667016,,,
630,16.0,,,,0.0015928379733425,,,,6.654784657640358,,,
631,16.0,,,,0.0187296951558925,,,,6.673514352796252,,,
632,16.0,,,,0.0120070567873375,,,,6.685521409583589,,,
633,16.0,,,,6.216254909222236e-06,,,,6.685527625838497,,,
634,16.0,,,,0.0026053014548896,,,,6.6881329272933865,,,
635,16.0,,,,0.0040547695941396,,,,6.692187696887528,,,
636,16.0,,,,0.0070090296531716,,,,6.699196726540699,,,
637,16.0,,,,5.78290029306744e-07,,,,6.699197304830727,,,
638,16.0,,,,0.0026805181893412,,,,6.701877823020069,,,
639,16.0,,,,0.0085195039799889,,,,6.7103973270000585,,,
640,16.0,,,,0.004484941061581,,,,6.714882268061639,,,
641,16.0,,,,0.0008122598141452,,,,6.715694527875784,,,
642,16.0,,,,0.0012585654209331,,,,6.716953093296717,,,
643,16.0,,,,0.009443033863784,,,,6.726396127160502,,,
644,16.0,,,,0.0045901407611773,,,,6.730986267921679,,,
645,16.0,,,,1.841524475364596e-06,,,,6.7309881094461534,,,
646,16.0,,,,0.0122549147473709,,,,6.743243024193526,,,
647,16.0,,,,1.947197330874393e-06,,,,6.743244971390856,,,
648,16.0,,,,4.808595990510277e-06,,,,6.743249779986847,,,
649,16.0,,,,9.995664202144724e-07,,,,6.743250779553268,,,
650,16.0,,,,8.028175945403187e-07,,,,6.74325158237086,,,
651,16.0,,,,2.1861290474512968e-06,,,,6.743253768499909,,,
652,16.0,,,,0.0010673672522946,,,,6.744321135752204,,,
653,16.0,,,,6.451319201929744e-07,,,,6.744321780884123,,,
654,16.0,,,,0.0015013823318709,,,,6.745823163215995,,,
655,16.0,,,,0.0023006139665113,,,,6.748123777182506,,,
656,16.0,,,,0.0140364410968459,,,,6.762160218279351,,,
657,16.0,,,,0.0153117527616001,,,,6.7773526305628105,,,
658,16.0,,,,0.0079898013117749,,,,6.785342431874586,,,
659,16.0,,,,0.0021838771121733,,,,6.787526308986759,,,
660,16.0,,,,0.0083180275122467,,,,6.795844336499006,,,
661,16.0,,,,0.0014536382908988,,,,6.797297974789905,,,
662,16.0,,,,0.0,,,,6.797297974789905,,,
